Row,Col,G,B
1,1,288.8949271,-28889.49271
4,1,-288.8949271,28889.49271
2,2,288.8949271,-28889.49271
5,2,-288.8949271,28889.49271
3,3,288.8949271,-28889.49271
6,3,-288.8949271,28889.49271
4,4,1000288.895,-28889.49271
7,4,-1000000,0
5,5,1000288.895,-28889.49271
8,5,-1000000,0
6,6,1000288.895,-28889.49271
9,6,-1000000,0
7,7,1000006.423,-13.31824447
8,7,-3.119897098,4.571812123
9,7,-1.125818194,2.969664676
10,7,-6.422970611,13.31824468
11,7,3.119897098,-4.571812192
12,7,1.125818194,-2.969664702
8,8,1000007.182,-13.80116134
9,8,-1.911067478,3.624476505
10,8,3.119897098,-4.571812192
11,8,-7.182343584,13.80116157
12,8,1.911067478,-3.624476549
9,9,1000005.77,-12.85328846
10,9,1.125818194,-2.969664702
11,9,1.911067478,-3.624476549
12,9,-5.770479295,12.85328867
10,10,14.98693143,-31.07590389
11,10,-7.279759894,10.66756166
12,10,-2.62690912,6.929217593
15,10,-8.563960815,17.75765958
16,10,4.159862797,-6.095749589
17,10,1.501090925,-3.959552937
11,11,27.95309046,-43.55111801
12,11,-4.459157449,8.45711187
13,11,-11.19428877,11.34840815
15,11,4.159862797,-6.095749589
16,11,-9.576458112,18.40154876
17,11,2.548089971,-4.832635398
12,12,21.30045383,-37.93489213
14,12,-7.836002137,7.943885702
15,12,1.501090925,-3.959552937
16,12,2.548089971,-4.832635398
17,12,-7.693972394,17.13771822
13,13,11.19428877,-11.34840807
14,14,23.65869876,-23.98442381
18,14,-9.795002671,9.929857128
19,14,-6.027693951,6.11068131
15,15,21.40990204,-44.39414868
16,15,-10.39965699,15.23937389
17,15,-3.752727314,9.898882309
21,15,-12.84594122,26.63648937
22,15,6.239794195,-9.143624384
23,15,2.251636388,-5.939329405
16,16,23.94114528,-46.00387162
17,16,-6.370224927,12.08158844
21,16,6.239794195,-9.143624384
22,16,-14.36468717,27.60232314
23,16,3.822134956,-7.248953098
17,17,19.23493098,-42.8442953
21,17,2.251636388,-5.939329405
22,17,3.822134956,-7.248953098
23,17,-11.54095859,25.70657733
18,18,9.795002671,-9.929857042
19,19,13.86369609,-14.05456677
20,19,-7.836002137,7.943885702
20,20,7.836002137,-7.943885595
21,21,30.11657108,-53.22068825
22,21,-10.39965699,15.23937389
23,21,-3.752727314,9.898882309
25,21,-8.706669041,8.826539669
26,21,-8.563960815,17.75765958
27,21,4.159862797,-6.095749589
28,21,1.501090925,-3.959552937
22,22,32.64781432,-54.83041119
23,22,-6.370224927,12.08158844
24,22,-8.706669041,8.826539669
26,22,4.159862797,-6.095749589
27,22,-9.576458112,18.40154876
28,22,2.548089971,-4.832635398
23,23,19.23493098,-42.8442953
26,23,1.501090925,-3.959552937
27,23,2.548089971,-4.832635398
28,23,-7.693972394,17.13771822
24,24,8.706669041,-8.826539573
25,25,12.17310799,-3475.265484
29,25,-3.466438945,3466.438945
26,26,1000012.046,-24.44913119
27,26,-5.086441024,7.853071337
28,26,-3.013768297,6.176188995
32,26,-3.482348433,6.691472236
33,26,0.9265782276,-1.757321891
34,26,1.512677372,-2.216636221
260,26,-1000000,0
27,27,1000012.374,-24.63344567
28,27,-3.093941204,6.272472764
32,27,0.9265782276,-1.757321891
33,27,-2.797808171,6.2318975
34,27,0.5458512332,-1.439837454
261,27,-1000000,0
28,28,1000023.868,-36.83485783
31,28,-13.06000356,13.2398095
32,28,1.512677372,-2.216636221
33,28,0.5458512332,-1.439837454
34,28,-3.114167561,6.457330767
262,28,-1000000,0
29,29,8.075851966,-3471.111818
30,29,-4.609413022,4.672873943
30,30,20.28141729,-20.56064495
35,30,-7.836002137,7.943885702
36,30,-7.836002137,7.943885702
31,31,32.6500089,-33.09952365
37,31,-19.59000534,19.85971426
32,32,1000020.895,-33.03690584
33,32,-3.474668353,6.589956967
34,32,-5.672540145,8.312385633
40,32,-7.836002137,7.943885702
41,32,-9.576458189,18.40154865
42,32,2.548090126,-4.8326352
43,32,4.159862773,-6.095749607
257,32,-1000000,0
33,33,1000010.492,-23.36961505
34,33,-2.046942124,5.399390376
41,33,2.548090126,-4.8326352
42,33,-7.69397247,17.13771813
43,33,1.501090891,-3.959552997
258,33,-1000000,0
34,34,1000011.678,-24.21498977
41,34,4.159862773,-6.095749607
42,34,1.501090891,-3.959552997
43,34,-8.563960793,17.75765961
259,34,-1000000,0
35,35,7.836002137,-7.943885595
36,36,7.836002137,-7.943885595
37,37,30.41115115,-30.82984178
38,37,-5.224001424,5.295923802
39,37,-5.597144383,5.674204073
38,38,5.224001424,-5.295923641
39,39,5.597144383,-5.674203923
40,40,13.86369609,-14.05456677
44,40,-6.027693951,6.11068131
41,41,21.06820802,-40.48340672
42,41,-5.605798277,10.63179738
43,41,-9.1516981,13.41064904
46,41,-11.49174983,22.08185838
47,41,3.057708151,-5.79916224
48,41,4.991835327,-7.314899529
42,42,20.65816902,-41.48578208
43,42,-3.302399961,8.711016557
45,42,-3.731429589,3.782802715
46,42,3.057708151,-5.79916224
47,42,-9.232766964,20.56526175
48,42,1.801309069,-4.751463597
43,43,18.84071375,-39.06685085
46,43,4.991835327,-7.314899529
47,43,1.801309069,-4.751463597
48,43,-10.27675295,21.30919153
44,44,6.027693951,-6.11068117
45,45,3.731429589,-3.782802491
46,46,21.93879512,-42.15627479
47,46,-5.837442834,11.07112786
48,46,-9.529867443,13.9648081
50,46,-10.4470453,20.07441671
51,46,2.779734683,-5.271965673
52,46,4.538032116,-6.649908663
47,47,17.62619148,-39.26095398
48,47,-3.438862769,9.070975922
50,47,2.779734683,-5.271965673
51,47,-8.393424512,18.6956925
52,47,1.637553699,-4.319512361
48,48,23.18107479,-44.29204045
49,48,-3.561819153,3.610857137
50,48,4.538032116,-6.649908663
51,48,1.637553699,-4.319512361
52,48,-9.342502684,19.3719923
49,49,3.561819153,-3.610856902
50,50,28.27817153,-3514.115684
51,50,-6.601869872,12.52091842
52,50,-10.77782628,15.79353299
53,50,-3.466438945,3466.438945
57,50,-14.36468728,27.60232297
58,50,3.822135189,-7.2489528
59,50,6.239794159,-9.143624411
51,51,19.93438322,-44.40226944
52,51,-3.889190036,10.25884182
57,51,3.822135189,-7.2489528
58,51,-11.5409587,25.70657719
59,51,2.251636337,-5.939329496
52,52,25.65488282,-3512.447426
54,52,-3.466438945,3466.438945
57,52,6.239794159,-9.143624411
58,52,2.251636337,-5.939329496
59,52,-12.84594119,26.63648942
53,53,9.326823547,-3479.964716
54,53,-2.233075242,4.764880546
55,53,-5.860384603,13.52577165
56,53,2.233075242,-4.764880581
54,54,9.480213589,-3480.040613
55,54,2.233075242,-4.764880581
56,54,-6.013774645,13.60166826
55,55,13.31905592,-30.74038981
56,55,-5.075171006,10.82927399
60,55,-7.458671312,17.21461846
61,55,2.842095763,-6.064393467
56,56,22.37433869,-39.73942167
60,56,2.842095763,-6.064393467
61,56,-7.653895002,17.31121414
62,56,-8.706669041,8.826539669
57,57,23.94114547,-46.00387134
58,57,-6.370225315,12.08158795
59,57,-10.39965693,15.23937393
64,57,-9.576458189,18.40154865
65,57,2.548090126,-4.8326352
66,57,4.159862773,-6.095749607
58,58,19.23493117,-42.84429506
59,58,-3.752727228,9.89888246
64,58,2.548090126,-4.8326352
65,58,-7.69397247,17.13771813
66,58,1.501090891,-3.959552997
59,59,21.40990198,-44.39414876
64,59,4.159862773,-6.095749607
65,59,1.501090891,-3.959552997
66,59,-8.563960793,17.75765961
60,60,11.37667238,-21.18656097
61,60,-2.842095763,6.064393439
63,60,-3.918001068,3.971942851
61,61,7.653895002,-17.31121401
62,62,15.23667082,-15.4464442
73,62,-6.530001781,6.619904752
63,63,3.918001068,-3.971942637
64,64,17.78485092,-34.17430427
65,64,-4.732167377,8.974893872
66,64,-7.725459435,11.32067773
67,64,-8.208392734,15.77275599
68,64,2.184077251,-4.142258743
69,64,3.565596662,-5.224928235
65,65,14.28880602,-31.82719047
66,65,-2.787740227,7.353455523
67,65,2.184077251,-4.142258743
68,65,-6.594833545,14.68947268
69,65,1.286649335,-3.393902569
66,66,15.90449862,-32.97851035
67,66,3.565596662,-5.224928235
68,66,1.286649335,-3.393902569
69,66,-7.340537823,15.22085109
67,67,22.57308002,-43.37507865
68,67,-6.00621244,11.39121148
69,67,-9.805390822,14.36855255
70,67,-14.36468728,27.60232297
71,67,3.822135189,-7.2489528
72,67,6.239794159,-9.143624411
68,68,18.13579225,-40.39604958
69,68,-3.538285672,9.333232028
70,68,3.822135189,-7.2489528
71,68,-11.5409587,25.70657719
72,68,2.251636337,-5.939329496
69,69,20.18647901,-41.85734021
70,69,6.239794159,-9.143624411
71,69,2.251636337,-5.939329496
72,69,-12.84594119,26.63648942
70,70,14.36468728,-27.60232286
71,70,-3.822135189,7.248952778
72,70,-6.239794159,9.143624376
71,71,11.5409587,-25.70657709
72,71,-2.251636337,5.939329483
72,72,12.84594119,-26.63648931
73,73,6.530001781,-6.619904624
74,74,19.5875226,-42.30247324
75,74,-8.232732463,13.74671269
76,74,-3.155591709,7.283107812
77,74,1.202425131,-2.565704928
78,74,-3.002181851,7.919105832
79,74,-10.27675298,21.3091915
80,74,4.991835356,-7.314899507
81,74,1.801309111,-4.751463524
257,74,-6.155177915,13.71017458
258,74,2.038471977,-3.866108319
259,74,1.20087274,-3.167642349
75,75,22.39110257,-44.12707207
76,75,1.202425131,-2.565704928
77,75,-3.238186347,7.323975215
78,75,-6.385598202,10.67576206
79,75,4.991835356,-7.314899507
80,75,-11.49174973,22.08185851
81,75,3.057707965,-5.799162478
257,75,2.038471977,-3.866108319
258,75,-7.66116649,14.72123901
259,75,3.327890237,-4.876599672
76,76,9.68559349,-13.90301212
77,76,-1.202425131,2.565704863
82,76,-6.530001781,6.619904752
77,77,11.07418848,-15.26786049
83,77,-7.836002137,7.943885702
78,78,16.08393552,-34.7713892
79,78,1.801309111,-4.751463524
80,78,3.057707965,-5.799162478
81,78,-9.232766873,20.56526187
257,78,1.20087274,-3.167642349
258,78,3.327890237,-4.876599672
259,78,-6.851168652,14.20612766
79,79,20.55350596,-42.61838272
80,79,-9.983670712,14.62979893
81,79,-3.602618221,9.502927015
86,79,-10.27675298,21.3091915
87,79,4.991835356,-7.314899507
88,79,1.801309111,-4.751463524
80,80,22.98349947,-44.16371674
81,80,-6.11541593,11.5983249
86,80,4.991835356,-7.314899507
87,80,-11.49174973,22.08185851
88,80,3.057707965,-5.799162478
81,81,24.4932277,-47.24120465
85,81,-6.027693951,6.11068131
86,81,1.801309111,-4.751463524
87,81,3.057707965,-5.799162478
88,81,-9.232766873,20.56526187
82,82,6.530001781,-6.619904624
83,83,13.86369609,-14.05456677
84,83,-6.027693951,6.11068131
84,84,6.027693951,-6.11068117
85,85,6.027693951,-6.11068117
86,86,23.1226942,-47.94568062
87,86,-11.23162955,16.45852381
88,86,-4.052945499,10.6907929
90,86,-12.84594122,26.63648937
91,86,6.239794195,-9.143624384
92,86,2.251636388,-5.939329405
87,87,29.77443797,-53.65612404
88,87,-6.879842921,13.04811553
89,87,-3.918001068,3.971942851
90,87,6.239794195,-9.143624384
91,87,-14.36468717,27.60232314
92,87,3.822134956,-7.248953098
88,88,20.77372546,-46.27183897
90,88,2.251636388,-5.939329405
91,88,3.822134956,-7.248953098
92,88,-11.54095859,25.70657733
89,89,3.918001068,-3.971942637
90,90,32.91769687,-57.87553766
91,90,-11.23162955,16.45852381
92,90,-4.052945499,10.6907929
93,90,-9.795002671,9.929857128
94,90,-10.27675298,21.3091915
95,90,4.991835356,-7.314899507
96,90,1.801309111,-4.751463524
91,91,25.8564369,-49.6841814
92,91,-6.879842921,13.04811553
94,91,4.991835356,-7.314899507
95,91,-11.49174973,22.08185851
96,91,3.057707965,-5.799162478
92,92,20.77372546,-46.27183897
94,92,1.801309111,-4.751463524
95,92,3.057707965,-5.799162478
96,92,-9.232766873,20.56526187
93,93,16.32500445,-16.54976167
97,93,-6.530001781,6.619904752
94,94,34.89746464,-76.14988947
95,94,-13.14572326,22.77933278
96,94,-6.604800072,17.42203288
98,94,-15.38794479,34.27543644
99,94,5.096179942,-9.665270797
100,94,3.002181851,-7.919105873
101,94,-9.232766873,20.56526187
102,94,3.057707965,-5.799162478
103,94,1.801309111,-4.751463524
95,95,42.13641569,-80.96681418
96,95,-16.36926891,25.30556107
98,95,5.096179942,-9.665270797
99,95,-19.15291622,36.80309752
100,95,8.319725593,-12.19149918
101,95,3.057707965,-5.799162478
102,95,-11.49174973,22.08185851
103,95,4.991835356,-7.314899507
96,96,36.63744148,-77.38977218
98,96,3.002181851,-7.919105873
99,96,8.319725593,-12.19149918
100,96,-17.12792163,35.51531916
101,96,1.801309111,-4.751463524
102,96,4.991835356,-7.314899507
103,96,-10.27675298,21.3091915
97,97,6.530001781,-6.619904624
98,98,15.38794479,-34.27543637
99,98,-5.096179942,9.665270814
100,98,-3.002181851,7.919105863
99,99,19.15291622,-36.80309744
100,99,-8.319725593,12.19149915
100,100,17.12792163,-35.51531908
101,101,18.46553375,-41.13052348
102,101,-6.11541593,11.59832501
103,101,-3.602618221,9.502927015
104,101,-9.232766873,20.56526187
105,101,3.057707965,-5.799162478
106,101,1.801309111,-4.751463524
102,102,22.98349947,-44.16371674
103,102,-9.983670712,14.62979893
104,102,3.057707965,-5.799162478
105,102,-11.49174973,22.08185851
106,102,4.991835356,-7.314899507
103,103,20.55350596,-42.61838272
104,103,1.801309111,-4.751463524
105,103,4.991835356,-7.314899507
106,103,-10.27675298,21.3091915
104,104,18.46553375,-41.13052348
105,104,-6.11541593,11.59832501
106,104,-3.602618221,9.502927015
107,104,-9.232766873,20.56526187
108,104,3.057707965,-5.799162478
109,104,1.801309111,-4.751463524
105,105,22.98349947,-44.16371674
106,105,-9.983670712,14.62979893
107,105,3.057707965,-5.799162478
108,105,-11.49174973,22.08185851
109,105,4.991835356,-7.314899507
106,106,20.55350596,-42.61838272
107,106,1.801309111,-4.751463524
108,106,4.991835356,-7.314899507
109,106,-10.27675298,21.3091915
107,107,13.84915031,-30.84789242
108,107,-4.586561947,8.6987438
109,107,-2.701963666,7.127195236
110,107,-4.616383436,10.28263093
111,107,1.528853982,-2.899581239
112,107,0.9006545553,-2.375731762
108,108,17.2376246,-33.12278735
109,108,-7.487753034,10.97234913
110,108,1.528853982,-2.899581239
111,108,-5.745874867,11.04092926
112,108,2.495917678,-3.657449754
109,109,15.41512947,-31.96378684
110,109,0.9006545553,-2.375731762
111,109,2.495917678,-3.657449754
112,109,-5.138376489,10.65459575
110,110,1000004.616,-10.28263068
111,110,-1.528853982,2.899581294
112,110,-0.9006545553,2.375731729
272,110,-1000000,0
111,111,1000005.746,-11.04092897
112,111,-2.495917678,3.657449667
273,111,-1000000,0
112,112,1000005.138,-10.65459548
274,112,-1000000,0
113,113,19.26891183,-39.95473373
114,113,-9.359691293,13.71543647
115,113,-3.377454582,8.908994068
116,113,-12.84594122,26.63648937
117,113,6.239794195,-9.143624384
118,113,2.251636388,-5.939329405
260,113,-6.422970611,13.31824468
261,113,3.119897098,-4.571812192
262,113,1.125818194,-2.969664702
114,114,21.54703075,-41.40348437
115,114,-5.733202434,10.87342958
116,114,6.239794195,-9.143624384
117,114,-14.36468717,27.60232314
118,114,3.822134956,-7.248953098
260,114,3.119897098,-4.571812192
261,114,-7.182343584,13.80116157
262,114,1.911067478,-3.624476549
115,115,17.31143789,-38.55986569
116,115,2.251636388,-5.939329405
117,115,3.822134956,-7.248953098
118,115,-11.54095859,25.70657733
260,115,1.125818194,-2.969664702
261,115,1.911067478,-3.624476549
262,115,-5.770479295,12.85328867
116,116,33.39944718,-69.25487218
117,116,-16.22346491,23.77342334
118,116,-5.854254609,15.44225643
119,116,-20.55350596,42.61838299
120,116,9.983670712,-14.62979901
121,116,3.602618221,-9.502927048
117,117,37.34818664,-71.76603998
118,117,-9.937550886,18.84727802
119,117,9.983670712,-14.62979901
120,117,-22.98349947,44.16371703
121,117,6.11541593,-11.59832496
118,118,30.00649234,-66.8371009
119,118,3.602618221,-9.502927048
120,118,6.11541593,-11.59832496
121,118,-18.46553375,41.13052373
119,119,1000036.491,-76.67984763
120,119,-15.80835222,24.67361008
121,119,-7.424249076,17.96469819
122,119,-9.342502707,19.37199227
123,119,4.538032142,-6.649908643
124,119,1.637553737,-4.319512295
125,119,-6.59483348,14.68947276
126,119,1.286649365,-3.393902517
127,119,2.184077118,-4.142258913
275,119,-1000000,0
120,120,40.77108252,-79.45898451
121,120,-12.46074713,22.09521896
122,120,4.538032142,-6.649908643
123,120,-10.44704521,20.07441683
124,120,2.779734514,-5.271965889
125,120,1.286649365,-3.393902517
126,120,-7.340537841,15.22085107
127,120,3.565596683,-5.22492822
121,121,35.06735084,-75.59897202
122,121,1.637553737,-4.319512295
123,121,2.779734514,-5.271965889
124,121,-8.39342443,18.69569261
125,121,2.184077118,-4.142258913
126,121,3.565596683,-5.22492822
127,121,-8.208392667,15.77275608
122,122,18.68500541,-38.74398424
123,122,-9.076064284,13.29981719
124,122,-3.275107474,8.639024553
128,122,-9.342502707,19.37199227
129,122,4.538032142,-6.649908643
130,122,1.637553737,-4.319512295
123,123,20.89409043,-40.14883335
124,123,-5.559469027,10.54393172
128,123,4.538032142,-6.649908643
129,123,-10.44704521,20.07441683
130,123,2.779734514,-5.271965889
124,124,16.78684886,-37.39138493
128,124,1.637553737,-4.319512295
129,124,2.779734514,-5.271965889
130,124,-8.39342443,18.69569261
125,125,9.672422438,-21.54455949
126,125,-1.887085735,4.977723619
127,125,-3.203313106,6.075312951
132,125,-3.077588958,6.855087289
133,125,0.6004363702,-1.583821175
134,125,1.019235988,-1.933054159
126,126,18.6021243,-30.2677999
127,126,-5.229541802,7.663227864
131,126,-7.836002137,7.943885702
132,126,0.6004363702,-1.583821175
133,126,-3.425584326,7.103063832
134,126,1.663945119,-2.438299836
127,127,12.03897591,-23.13337496
132,127,1.019235988,-1.933054159
133,127,1.663945119,-2.438299836
134,127,-3.830583245,7.360619505
128,128,9.342502707,-19.37199212
129,128,-4.538032142,6.649908595
130,128,-1.637553737,4.319512276
129,129,10.44704521,-20.07441667
130,129,-2.779734514,5.271965859
130,130,8.39342443,-18.69569247
131,131,15.67200427,-15.88777119
135,131,-7.836002137,7.943885702
132,132,1000021.639,-23.49556939
133,132,-6.620564508,6.378190248
134,132,-5.215387133,6.385274005
136,132,-5.223522607,10.03720842
137,132,2.269016071,-3.324954322
138,132,1.389867257,-2.635982945
139,132,-13.33739455,6.603275973
140,132,3.751112067,-1.469414897
141,132,2.806283888,-1.816237045
266,132,-1000000,0
133,133,1000022.069,-22.95574407
134,133,-6.233834054,6.067470713
136,133,2.269016071,-3.324954322
137,133,-4.671251354,9.685996134
138,133,0.8187768684,-2.159756147
139,133,3.751112067,-1.469414897
140,133,-13.97260133,6.166686394
141,133,3.751112067,-1.469414897
267,133,-1000000,0
134,134,1000021.365,-23.31173948
136,134,1.389867257,-2.635982945
137,134,0.8187768684,-2.159756147
138,134,-4.196712215,9.347846303
139,134,2.806283888,-1.816237045
140,134,3.751112067,-1.469414897
141,134,-13.33739455,6.603275973
268,134,-1000000,0
135,135,7.836002137,-7.943885595
136,136,1000005.224,-10.0372081
137,136,-2.269016071,3.324954226
138,136,-1.389867257,2.635982884
269,136,-1000000,0
137,137,1000004.671,-9.685995839
138,137,-0.8187768684,2.159756111
270,137,-1000000,0
138,138,1000004.197,-9.347846022
271,138,-1000000,0
139,139,32.39081535,-16.03652466
140,139,-9.109843591,3.568579035
141,139,-6.815260871,4.410861394
142,139,-19.05342079,9.43325139
143,139,5.358731524,-2.099164138
144,139,4.008976983,-2.594624349
140,140,33.93346037,-14.97623568
141,140,-9.109843591,3.568579035
142,140,5.358731524,-2.099164138
143,140,-19.96085904,8.809551992
144,140,5.358731524,-2.099164138
141,141,32.39081535,-16.03652466
142,141,4.008976983,-2.594624349
143,141,5.358731524,-2.099164138
144,141,-19.05342079,9.43325139
142,142,28.58013119,-14.14987374
143,142,-8.038097287,3.148746207
144,142,-6.013465474,3.891936524
145,142,-9.526710396,4.716625695
146,142,2.679365762,-1.049582069
147,142,2.004488491,-1.297312175
143,143,29.94128856,-13.21432465
144,143,-8.038097287,3.148746207
145,143,2.679365762,-1.049582069
146,143,-9.98042952,4.404775996
147,143,2.679365762,-1.049582069
144,144,28.58013119,-14.14987374
145,144,2.004488491,-1.297312175
146,144,2.679365762,-1.049582069
147,144,-9.526710396,4.716625695
145,145,17.3722366,-8.600900746
146,145,-4.885902272,1.913943773
147,145,-3.65524372,2.365686907
148,145,-7.845526209,3.884279984
149,145,2.20653651,-0.8643617039
150,145,1.650755228,-1.068374732
146,146,18.19960677,-8.032233647
147,146,-4.885902272,1.913943773
148,146,2.20653651,-0.8643617039
149,146,-8.219177252,3.627462585
150,146,2.20653651,-0.8643617039
147,147,17.3722366,-8.600900746
148,147,1.650755228,-1.068374732
149,147,2.20653651,-0.8643617039
150,147,-7.845526209,3.884279984
148,148,18.10506048,-8.963718266
149,148,-5.092007331,1.994680855
150,148,-3.809435142,2.465480151
151,148,-10.25953427,5.079443056
152,148,2.885470821,-1.130319151
153,148,2.158679914,-1.397105419
149,149,18.96733212,-8.371062729
150,149,-5.092007331,1.994680855
151,149,2.885470821,-1.130319151
152,149,-10.74815487,4.743604919
153,149,2.885470821,-1.130319151
150,150,18.10506048,-8.963718266
151,150,2.158679914,-1.397105419
152,150,2.885470821,-1.130319151
153,150,-10.25953427,5.079443056
151,151,10.25953427,-5.079440987
152,151,-2.885470821,1.130319151
153,151,-2.158679914,1.397105419
152,152,10.74815487,-4.74360285
153,152,-2.885470821,1.130319151
153,153,10.25953427,-5.079440987
154,154,34.76173181,-64.41166213
155,154,-9.795002671,9.929857128
156,154,-4.725512212,12.46487828
157,154,-9.403039161,16.29605647
158,154,-8.39342443,18.69569261
159,154,1.637553737,-4.319512295
160,154,2.779734514,-5.271965889
161,154,-9.232766873,20.56526187
162,154,1.801309111,-4.751463524
163,154,3.057707965,-5.799162478
263,154,-7.340537841,15.22085107
264,154,1.286649365,-3.393902517
265,154,3.565596683,-5.22492822
155,155,16.91864098,-17.1515712
164,155,-7.123638306,7.221714275
156,156,26.21408917,-55.37065606
157,156,-11.71394462,18.10706693
158,156,1.637553737,-4.319512295
159,156,-9.342502707,19.37199227
160,156,4.538032142,-6.649908643
161,156,1.801309111,-4.751463524
162,156,-10.27675298,21.3091915
163,156,4.991835356,-7.314899507
263,156,1.286649365,-3.393902517
264,156,-6.59483348,14.68947276
265,156,2.184077118,-4.142258913
157,157,30.14718762,-57.92903093
158,157,2.779734514,-5.271965889
159,157,4.538032142,-6.649908643
160,157,-10.44704521,20.07441683
161,157,3.057707965,-5.799162478
162,157,4.991835356,-7.314899507
163,157,-11.49174973,22.08185851
263,157,3.565596683,-5.22492822
264,157,2.184077118,-4.142258913
265,157,-8.208392667,15.77275608
158,158,19.93438302,-44.4022697
159,158,-3.889190125,10.25884167
160,158,-6.60186947,12.52091893
168,158,-11.54095859,25.70657733
169,158,2.251636388,-5.939329405
170,158,3.822134956,-7.248953098
159,159,22.18844393,-46.00848138
160,159,-10.77782634,15.79353294
168,159,2.251636388,-5.939329405
169,159,-12.84594122,26.63648937
170,159,6.239794195,-9.143624384
160,160,31.93537069,-54.89845386
167,160,-7.123638306,7.221714275
168,160,3.822134956,-7.248953098
169,160,6.239794195,-9.143624384
170,160,-14.36468717,27.60232314
161,161,1000017.626,-39.2609542
162,161,-3.438862847,9.070975784
163,161,-5.837442478,11.07112831
219,161,-8.39342443,18.69569261
220,161,1.637553737,-4.319512295
221,161,2.779734514,-5.271965889
231,161,-1000000,0
162,162,1000019.619,-40.68118348
163,162,-9.529867498,13.96480806
219,162,1.637553737,-4.319512295
220,162,-9.342502707,19.37199227
221,162,4.538032142,-6.649908643
232,162,-1000000,0
163,163,1000021.939,-42.15627505
219,163,2.779734514,-5.271965889
220,163,4.538032142,-6.649908643
221,163,-10.44704521,20.07441683
233,163,-1000000,0
164,164,13.15133226,-13.33239533
165,164,-6.027693951,6.11068131
165,165,13.15133226,-13.33239533
166,165,-7.123638306,7.221714275
166,166,7.123638306,-7.221714157
167,167,12.72078269,-12.89591808
171,167,-5.597144383,5.674204073
168,168,21.26134594,-46.36955772
169,168,-4.020779265,10.60594528
170,168,-8.034070613,13.89189458
173,168,-6.422970611,13.31824468
174,168,1.125818194,-2.969664702
175,168,3.119897098,-4.571812192
176,168,-3.29741674,7.344736381
177,168,0.6433246824,-1.696951259
178,168,1.092038559,-2.071129456
169,169,22.28668944,-47.10020288
170,169,-9.933660015,15.38056484
173,169,1.125818194,-2.969664702
174,169,-5.770479295,12.85328867
175,169,1.911067478,-3.624476549
176,169,0.6433246824,-1.696951259
177,169,-3.670268921,7.610425534
178,169,1.782798341,-2.61246411
170,170,25.65122709,-49.28986202
173,170,3.119897098,-4.571812192
174,170,1.911067478,-3.624476549
175,170,-7.182343584,13.80116157
176,170,1.092038559,-2.071129456
177,170,1.782798341,-2.61246411
178,170,-4.104196334,7.886378041
171,171,10.49464572,-10.63913232
172,171,-4.897501335,4.964928564
172,172,4.897501335,-4.964928393
173,173,32.11485306,-66.59122315
174,173,-5.629090971,14.84832348
175,173,-15.59948549,22.85906087
179,173,-25.69188244,53.27297874
180,173,4.503272776,-11.87865881
181,173,12.47958839,-18.28724877
174,174,28.85239648,-64.26644308
175,174,-9.55533739,18.12238269
179,174,4.503272776,-11.87865881
180,174,-23.08191718,51.41315467
181,174,7.644269912,-14.4979062
175,175,35.91171792,-69.00580757
179,175,12.47958839,-18.28724877
180,175,7.644269912,-14.4979062
181,175,-28.72937434,55.20464628
176,176,9.00672395,-19.1831755
177,176,-1.644051966,4.33665314
178,176,-3.865280423,6.134962361
199,176,-5.70930721,11.83843972
200,176,1.000727284,-2.639701958
201,176,2.773241864,-4.06383306
177,177,8.79958385,-19.03557041
178,177,-3.481524989,5.834220871
199,177,1.000727284,-2.639701958
200,177,-5.129314929,11.42514548
201,177,1.698726647,-3.221756932
178,178,10.48850174,-20.15407656
199,178,2.773241864,-4.06383306
200,178,1.698726647,-3.221756932
201,178,-6.384305408,12.26769917
179,179,42.51931422,-88.16522169
180,179,-7.45278477,19.65883295
181,179,-20.65335389,30.26486186
182,179,-11.41861442,23.67687944
183,179,2.001454567,-5.279403916
184,179,5.546483729,-8.127666119
185,179,-5.408817357,11.21536394
186,179,0.9480574266,-2.500770276
187,179,2.627281766,-3.849947109
180,180,38.19989803,-85.08726725
181,180,-12.65104319,23.99361075
182,180,2.001454567,-5.279403916
183,180,-10.25862986,22.85029096
184,180,3.397453294,-6.443513865
185,180,0.9480574266,-2.500770276
186,180,-4.859350986,10.82382203
187,180,1.609319982,-3.052190778
181,181,47.54627449,-91.36207498
182,181,5.546483729,-8.127666119
183,181,3.397453294,-6.443513865
184,181,-12.76861082,24.53539835
185,181,2.627281766,-3.849947109
186,181,1.609319982,-3.052190778
187,181,-6.048289334,11.6220308
182,182,11.41861442,-23.67687932
183,182,-2.001454567,5.279403901
184,182,-5.546483729,8.12766608
183,183,10.25862986,-22.85029085
184,183,-3.397453294,6.44351384
184,184,12.76861082,-24.53539822
185,185,20.08989304,-41.65706573
186,185,-3.521356156,9.288575267
187,185,-9.758475132,14.29980344
188,185,-14.68107568,30.44170214
189,185,2.573298729,-6.787805034
190,185,7.131193366,-10.44985644
186,186,18.04901795,-40.20276723
187,186,-5.977474217,11.33670853
188,186,2.573298729,-6.787805034
189,186,-13.18966696,29.37894552
190,186,4.368154236,-8.284517826
187,187,22.46507467,-43.16754259
188,187,7.131193366,-10.44985644
189,187,4.368154236,-8.284517826
190,187,-16.41678533,31.54551216
188,188,24.95782866,-51.7508934
189,188,-4.37460784,11.53926853
190,188,-12.12302872,17.76475587
191,188,-10.27675298,21.3091915
192,188,1.801309111,-4.751463524
193,188,4.991835356,-7.314899507
189,189,22.42243383,-49.94420717
190,189,-7.4258622,14.08368026
191,189,1.801309111,-4.751463524
192,189,-9.232766873,20.56526187
193,189,3.057707965,-5.799162478
190,190,30.81075808,-56.56955004
191,190,4.991835356,-7.314899507
192,190,3.057707965,-5.799162478
193,190,-11.49174973,22.08185851
194,190,-2.902223014,2.94217989
191,191,20.55350596,-42.61838272
192,191,-3.602618221,9.502927015
193,191,-9.983670712,14.62979893
195,191,-10.27675298,21.3091915
196,191,1.801309111,-4.751463524
197,191,4.991835356,-7.314899507
192,192,18.46553375,-41.13052348
193,192,-6.11541593,11.5983249
195,192,1.801309111,-4.751463524
196,192,-9.232766873,20.56526187
197,192,3.057707965,-5.799162478
193,193,22.98349947,-44.16371674
195,193,4.991835356,-7.314899507
196,193,3.057707965,-5.799162478
197,193,-11.49174973,22.08185851
194,194,7.026434664,-7.123171873
198,194,-4.124211651,4.180992475
195,195,10.27675298,-21.27452694
196,195,-1.801309111,4.751463507
197,195,-4.991835356,7.314899464
196,196,9.232766873,-20.53059731
197,196,-3.057707965,5.799162451
197,197,11.49174973,-22.04719395
198,198,4.124211651,-4.180992272
199,199,26.24609868,-42.55883967
200,199,-2.638281021,6.959214204
201,199,-7.311274006,10.71374158
202,199,-11.19428877,11.34840815
203,199,-9.342502707,19.37199227
204,199,1.637553737,-4.319512295
205,199,4.538032142,-6.649908643
200,200,13.52273936,-30.12083772
201,200,-4.478461161,8.493722742
203,200,1.637553737,-4.319512295
204,200,-8.39342443,18.69569261
205,200,2.779734514,-5.271965889
201,201,16.83135062,-32.34211559
203,201,4.538032142,-6.649908643
204,201,2.779734514,-5.271965889
205,201,-10.44704521,20.07441683
202,202,11.19428877,-11.33974197
203,203,20.76111713,-43.04887144
204,203,-3.639008304,9.598916177
205,203,-10.08451587,14.77757468
207,203,-11.41861442,23.67687944
208,203,2.001454567,-5.279403916
209,203,5.546483729,-8.127666119
204,204,26.48805642,-49.48986891
205,204,-6.177187808,11.7154797
206,204,-7.836002137,7.943885702
207,204,2.001454567,-5.279403916
208,204,-10.25862986,22.85029096
209,204,3.397453294,-6.443513865
205,205,23.21565603,-44.6098149
207,205,5.546483729,-8.127666119
208,205,3.397453294,-6.443513865
209,205,-12.76861082,24.53539835
206,206,7.836002137,-7.935219489
207,207,22.83722884,-47.35375864
208,207,-4.002909135,10.5588078
209,207,-11.09296746,16.25533216
211,207,-11.41861442,23.67687944
212,207,2.001454567,-5.279403916
213,207,5.546483729,-8.127666119
208,208,20.51725972,-45.7005817
209,208,-6.794906589,12.88702768
211,208,2.001454567,-5.279403916
212,208,-10.25862986,22.85029096
213,208,3.397453294,-6.443513865
209,209,32.06722341,-55.69070107
210,209,-6.530001781,6.619904752
211,209,5.546483729,-8.127666119
212,209,3.397453294,-6.443513865
213,209,-12.76861082,24.53539835
210,210,6.530001781,-6.611238518
211,211,27.10621354,-48.65625289
212,211,-3.502545493,9.238956817
213,211,-9.706346526,14.22341562
214,211,-7.123638306,7.221714275
215,211,-8.563960815,17.75765958
216,211,1.501090925,-3.959552937
217,211,4.159862797,-6.095749589
212,212,17.95260225,-39.98800892
213,212,-5.945543265,11.27614921
215,212,1.501090925,-3.959552937
216,212,-7.693972394,17.13771822
217,212,2.548089971,-4.832635398
213,213,22.34506893,-42.93694681
215,213,4.159862797,-6.095749589
216,213,2.548089971,-4.832635398
217,213,-9.576458112,18.40154876
214,214,7.123638306,-7.221714157
215,215,8.563960815,-17.75765942
216,215,-1.501090925,3.959552917
217,215,-4.159862797,6.095749537
216,216,17.48897506,-27.06757511
217,216,-2.548089971,4.832635365
218,216,-9.795002671,9.929857128
217,217,9.576458112,-18.40154859
218,218,9.795002671,-9.929857042
219,219,12.59013664,-28.04353849
220,219,-2.456330605,6.479268387
221,219,-4.16960177,7.907948743
222,219,-4.196712215,9.347846303
223,219,0.8187768684,-2.159756147
224,219,1.389867257,-2.635982945
220,220,14.01375406,-29.05798796
221,220,-6.807048213,9.974862821
222,220,0.8187768684,-2.159756147
223,220,-4.671251354,9.685996134
224,220,2.269016071,-3.324954322
221,221,15.67056782,-30.11162478
222,221,1.389867257,-2.635982945
223,221,2.269016071,-3.324954322
224,221,-5.223522607,10.03720842
222,222,11.89068461,-26.48556409
223,222,-2.319867794,6.119309028
224,222,-3.937957228,7.468618249
225,222,-7.693972394,17.13771822
226,222,1.501090925,-3.959552937
227,222,2.548089971,-4.832635398
223,223,13.23521217,-27.44365526
224,223,-6.428878868,9.420703763
225,223,1.501090925,-3.959552937
226,223,-8.563960815,17.75765958
227,223,4.159862797,-6.095749589
224,224,14.79998072,-28.4387567
225,224,2.548089971,-4.832635398
226,224,4.159862797,-6.095749589
227,224,-9.576458112,18.40154876
225,225,10.57921204,-23.56436199
226,225,-2.064000023,5.444385215
227,225,-3.50362371,6.644873552
228,225,-2.885239648,6.426644333
229,225,0.5629090971,-1.484832351
230,225,0.955533739,-1.812238274
226,226,11.77544612,-24.41678133
227,226,-5.719811345,8.381655495
228,226,0.5629090971,-1.484832351
229,226,-3.211485306,6.659122342
230,226,1.559948549,-2.285906096
227,227,13.1676299,-25.30212892
228,227,0.955533739,-1.812238274
229,227,1.559948549,-2.285906096
230,227,-3.591171792,6.900580785
228,228,2.885239648,-6.426643924
229,228,-0.5629090971,1.484832298
230,228,-0.955533739,1.812238186
229,229,3.211485306,-6.659121912
230,229,-1.559948549,2.285905957
230,230,3.591171792,-6.900580332
231,231,1000009.233,-20.56526174
232,231,-1.801309111,4.751463507
233,231,-3.057707965,5.799162451
234,231,-9.232766873,20.56526187
235,231,1.801309111,-4.751463524
236,231,3.057707965,-5.799162478
232,232,1000010.277,-21.30919136
233,232,-4.991835356,7.314899464
234,232,1.801309111,-4.751463524
235,232,-10.27675298,21.3091915
236,232,4.991835356,-7.314899507
233,233,1000011.492,-22.08185837
234,233,3.057707965,-5.799162478
235,233,4.991835356,-7.314899507
236,233,-11.49174973,22.08185851
234,234,17.6261913,-39.2609542
235,234,-3.438862847,9.070975784
236,234,-5.837442478,11.07112831
238,234,-8.39342443,18.69569261
239,234,1.637553737,-4.319512295
240,234,2.779734514,-5.271965889
235,235,19.61925569,-40.68118348
236,235,-9.529867498,13.96480806
238,235,1.637553737,-4.319512295
239,235,-9.342502707,19.37199227
240,235,4.538032142,-6.649908643
236,236,30.64546399,-50.98281462
237,236,-8.706669041,8.826539669
238,236,2.779734514,-5.271965889
239,236,4.538032142,-6.649908643
240,236,-10.44704521,20.07441683
237,237,14.73436299,-14.93722074
241,237,-6.027693951,6.11068131
238,238,15.49555279,-34.5151245
239,238,-3.02317613,7.974484196
240,238,-5.131817563,9.732860037
244,238,-7.102128364,15.8194322
245,238,1.385622393,-3.654971942
246,238,2.35208305,-4.460894214
239,239,25.95436635,-44.59021728
240,239,-8.377905493,12.27675431
243,239,-8.706669041,8.826539669
244,239,1.385622393,-3.654971942
245,239,-7.905194598,16.39168577
246,239,3.839873351,-5.626845775
240,240,19.2868527,-37.0604615
244,240,2.35208305,-4.460894214
245,240,3.839873351,-5.626845775
246,240,-8.839807488,16.98604501
241,241,8.826266143,-8.947782907
242,241,-2.798572192,2.837102037
242,242,2.798572192,-2.837101737
243,243,12.11362649,-12.28040268
247,243,-3.406957451,3.453863349
244,244,13.7636546,-25.37401664
245,244,-1.83594967,4.842837735
246,244,-3.116510041,5.910684687
248,244,-4.35333452,4.413269835
249,244,-2.308191718,5.141315467
250,244,0.4503272776,-1.187865881
251,244,0.7644269912,-1.44979062
245,245,10.47438284,-21.71898293
246,245,-5.08783219,7.455570422
249,245,0.4503272776,-1.187865881
250,245,-2.569188244,5.327297874
251,245,1.247958839,-1.828724877
246,246,11.71274492,-22.50650889
249,246,0.7644269912,-1.44979062
250,246,1.247958839,-1.828724877
251,246,-2.872937434,5.520464628
247,247,3.406957451,-3.453863103
248,248,10.8833363,-11.03317427
252,248,-6.530001781,6.619904752
249,249,2.308191718,-5.141314956
250,249,-0.4503272776,1.187865815
251,249,-0.7644269912,1.449790509
250,250,2.569188244,-5.327297336
251,250,-1.247958839,1.828724703
251,251,2.872937434,-5.520464062
252,252,25.6089635,-25.96153908
253,252,-3.406957451,3.453863349
254,252,-15.67200427,15.8877714
253,253,3.406957451,-3.453863103
254,254,19.40343386,-19.67057384
255,254,-3.731429589,3.782802715
255,255,9.75912354,-9.893483661
256,255,-6.027693951,6.11068131
256,256,6.027693951,-6.11068117
257,257,1000006.155,-13.71017439
258,257,-2.038471977,3.86610836
259,257,-1.20087274,3.167642325
258,258,1000007.661,-14.7212388
259,258,-3.327890237,4.876599606
259,259,1000006.851,-14.20612746
260,260,1000006.423,-13.31824447
261,260,-3.119897098,4.571812123
262,260,-1.125818194,2.969664676
261,261,1000007.182,-13.80116134
262,261,-1.911067478,3.624476505
262,262,1000005.77,-12.85328846
263,263,10.80697679,-3481.659795
264,263,-1.286649365,3.393902494
265,263,-3.565596683,5.224928159
266,263,-3.466438945,3466.438945
264,264,10.06127242,-3481.128417
265,264,-2.184077118,4.142258874
267,264,-3.466438945,3466.438945
265,265,11.67483161,-3482.2117
268,265,-3.466438945,3466.438945
266,266,1000003.466,-3466.438945
267,267,1000003.466,-3466.438945
268,268,1000003.466,-3466.438945
269,269,1000000.081,-0.1744194054
270,269,-0.04071923552,0.08720970127
271,269,-0.04071923552,0.08720970127
276,269,-0.7058000823,1.511634822
277,269,0.3529000412,-0.755817411
278,269,0.3529000412,-0.755817411
270,270,1000000.081,-0.1744194054
271,270,-0.04071923552,0.08720970127
276,270,0.3529000412,-0.755817411
277,270,-0.7058000823,1.511634822
278,270,0.3529000412,-0.755817411
271,271,1000000.081,-0.1744194054
276,271,0.3529000412,-0.755817411
277,271,0.3529000412,-0.755817411
278,271,-0.7058000823,1.511634822
272,272,1000000,0
273,273,1000000,0
274,274,1000000,0
275,275,1000000,0
276,276,6.116934047,-13.10083534
277,276,-3.058467024,6.550417562
278,276,-3.058467024,6.550417562
277,277,6.116934047,-13.10083534
278,277,-3.058467024,6.550417562
278,278,6.116934047,-13.10083534
